,total_population,Municipality_code,latitude,longitude
0,156789.0,18001,1.74913870382,-75.5582390643
1,4514.0,18029,1.22786549019,-75.8823265076
2,9075.0,18094,1.50092300306,-75.8756454243
3,17775.0,18247,1.79138590347,-75.1939441549
4,13014.0,18256,1.61774635616,-75.2340433342
5,12128.0,18410,1.30286044233,-75.2357273187
6,7507.0,18460,1.14669255394,-75.3866476384
7,3350.0,18479,1.38299610984,-75.6738112337
8,11364.0,18610,1.30470231426,-76.1100059415
9,6082.0,18860,1.06129220657,-75.6270476674
10,27939.0,18150,0.64769308121,-74.2723549908
11,42390.0,18753,1.56780169584,-74.2629775148
12,10331.0,18756,0.21128084552,-73.1238678989
13,5431.0,18785,0.90926545692,-75.6384004547
14,7518.0,18205,1.05966316507,-75.9517850567
15,24395.0,18592,2.01894089126,-75.0730862673
16,277270.0,19001,2.47170436246,-76.5919441915
17,16523.0,19022,1.9124405208,-76.8349451942
18,20136.0,19050,2.32933728292,-77.2631490603
19,18910.0,19075,2.08473294481,-77.2088133019
20,35837.0,19100,1.85395193811,-76.9633745378
21,25257.0,19110,3.04591778287,-76.6790115245
22,32237.0,19130,2.64320984772,-76.701389144
23,36139.0,19137,2.81032823986,-76.4645161155
24,25416.0,19142,3.04594227664,-76.3663887603
25,21975.0,19212,3.1367536056,-76.2096456925
26,5089.0,19290,1.69453474037,-77.087357234
27,18513.0,19300,3.14438999263,-76.3923481067
28,26571.0,19355,2.49905878314,-76.1376253119
29,16353.0,19364,2.84981013021,-76.3112491905
30,9935.0,19392,2.18747357214,-76.7822803199
31,19777.0,19397,2.05393342595,-76.7588062038
32,14824.0,19450,1.79382516403,-77.1806038118
33,28662.0,19455,3.22823521199,-76.2167082735
34,29737.0,19473,2.81476546957,-76.7509625512
35,8763.0,19513,3.19473061787,-76.3362418028
36,37666.0,19517,2.73388770166,-75.9936826375
37,28586.0,19532,2.14816539792,-77.0579270804
38,7125.0,19533,1.15232350034,-76.3054725171
39,33431.0,19548,2.7144573281,-76.5647208581
40,40244.0,19573,3.26672420505,-76.4184635301
41,14952.0,19585,2.28177597412,-76.3711563587
42,9336.0,19622,2.25087676518,-76.7529275694
43,9806.0,19693,1.85626181515,-76.7165242362
44,96032.0,19698,2.98446733754,-76.4987314534
45,5045.0,19701,1.52002178961,-76.5387628061
46,33508.0,19743,2.65129189379,-76.3505735627
47,11958.0,19760,2.23182054146,-76.611466326
48,19690.0,19780,2.93686599657,-76.745824296
49,6201.0,19785,2.0577351842,-76.9099396475
50,32217.0,19807,2.36962531169,-76.7105193226
51,30654.0,19821,2.97577199859,-76.203315664
52,20870.0,19824,2.50450024729,-76.3904746386
53,38688.0,19256,2.53448831155,-77.0051120649
54,24037.0,19318,2.41326696025,-77.6904753052
55,15154.0,19418,3.00153896421,-77.218412093
56,21618.0,19809,2.6994751269,-77.4913157651
57,18761.0,19845,3.18062731694,-76.4644555812
58,1822869.0,76001,3.39904372291,-76.5764925891
59,18132.0,76036,4.1448536005,-76.1647046061
60,15668.0,76041,4.79592729199,-76.0296304881
61,5008.0,76054,4.7042878643,-76.1416499854
62,115821.0,76111,3.85524706978,-76.1051468856
63,22052.0,76113,4.19685299107,-76.0896103031
64,26357.0,76122,4.30899797261,-75.836725668
65,16054.0,76126,3.9443866198,-76.6277829464
66,84661.0,76130,3.3820915638,-76.3831766307
67,118803.0,76147,4.70684716041,-75.9179084592
68,7393.0,76243,4.91756287292,-76.0660100075
69,6179.0,76246,4.75606370083,-76.2150282576
70,53983.0,76248,3.67598883051,-76.2091580912
71,8513.0,76250,4.53997972865,-76.2876270132
72,54207.0,76275,3.30410429476,-76.1647730668
73,19069.0,76306,3.74410441039,-76.19082004
74,30275.0,76318,3.78377992267,-76.2944883048
75,12186.0,76020,4.67889709955,-75.7829793174
76,10970.0,76497,4.59758866562,-75.9491996979
77,302642.0,76520,3.5583928757,-76.2277997209
78,43552.0,76563,3.42063665013,-76.1784184123
79,12816.0,76606,3.80649497346,-76.5348985331
80,14045.0,76616,4.10950029845,-76.3710544331
81,31658.0,76622,4.44357184844,-76.1682424928
82,15450.0,76670,3.98143243972,-76.2083616779
83,36827.0,76736,4.19341191996,-75.8881816333
84,12091.0,76823,4.6384212785,-76.0810617613
85,16688.0,76828,4.2332681164,-76.3429269884
86,187159.0,76834,4.0284079705,-76.0325037925
87,4844.0,76845,4.70771894676,-75.7783590259
88,6233.0,76863,4.62259022005,-76.2178961024
89,10766.0,76869,3.74365889017,-76.470647175
90,15325.0,76890,3.90413035361,-76.3908043487
91,95040.0,76892,3.59591366947,-76.5109879004
92,39343.0,76895,4.35359874954,-76.0506533636
93,11058.0,76403,4.48351114202,-75.9667730272
94,29388.0,76400,4.53793739086,-76.1032898273
95,12879.0,76377,3.69430310602,-76.5898990517
96,131806.0,76364,3.21389238923,-76.6276041783
97,13954.0,76100,4.36368169724,-76.3648595472
98,39665.0,76233,3.6498222184,-76.7203934654
99,258445.0,76109,3.61149195831,-77.0858824113
100,48422.0,86001,1.22857499466,-76.6843621833
101,5204.0,86219,1.22321781829,-76.9667296216
102,33003.0,86320,0.67375632254,-76.9431392288
103,14104.0,86749,1.22874692245,-76.9130758535
104,5572.0,86755,1.13607109605,-76.8472666058
105,14054.0,86757,0.30587382778,-76.857757878
106,6836.0,86760,1.08581285661,-77.0056290076
107,27455.0,86865,0.41296368772,-76.8840928954
108,22630.0,86885,0.91114951467,-76.744954473
109,11122.0,86569,0.72507122985,-76.4809940512
110,57255.0,86568,0.4786114636,-76.3282001496
111,17495.0,86571,0.74643221515,-75.8802297851
112,20045.0,86573,0.05947196958,-75.0647932711
113,18859.0,52683,1.28810540885,-77.4567006834
114,8874.0,52685,1.52978248504,-77.0207066245
115,16653.0,52687,1.54213958238,-77.2187269253
116,10186.0,52560,0.72267831002,-77.4248076098
117,12929.0,52693,1.68157662671,-76.9752797933
118,4619.0,52565,1.23286482073,-77.5984421234
119,6572.0,52694,1.53682349402,-77.1014032491
120,8446.0,52573,0.82651936228,-77.322248747
121,9869.0,52699,1.28517937596,-77.7445744039
122,16431.0,52585,0.91676983126,-77.6333695367
123,23727.0,52678,1.43055526182,-77.6917955915
124,10117.0,52207,1.20906673229,-77.4406392075
125,6421.0,52210,0.93266745817,-77.5280873144
126,14827.0,52215,0.77080180016,-77.3603297713
127,352326.0,52001,1.08360549665,-77.2061007434
128,8197.0,52019,1.46985408446,-77.0688094718
129,6872.0,52022,0.91343191627,-77.695387307
130,8975.0,52224,0.87542699911,-77.7359160047
131,7481.0,52036,1.24525407651,-77.5311577704
132,7626.0,52051,1.48005117229,-77.1298500061
133,5968.0,52083,1.59076428187,-77.0428952552
134,19951.0,52110,1.31521563577,-77.1163663954
135,7764.0,52203,1.63633437916,-77.0473156003
136,4007.0,52480,1.28085960771,-77.3538883474
137,6488.0,52506,1.02981585353,-77.5523494353
138,7041.0,52720,1.03618904012,-77.6804498953
139,15412.0,52786,1.59166139207,-77.3252531552
140,10331.0,52788,1.06407811124,-77.3506349065
141,12419.0,52240,1.38649784442,-77.2696902201
142,6223.0,52254,1.51228396726,-77.4305093423
143,13255.0,52258,1.40943020744,-76.9852695879
144,42413.0,52838,1.1344405229,-77.6307323799
145,8974.0,52411,1.39517308374,-77.5209377376
146,10579.0,52885,1.12554791555,-77.4246756876
147,8013.0,52435,1.15594701598,-77.8466464635
148,16674.0,52378,1.58417599811,-76.9233526214
149,9047.0,52381,1.33392588915,-77.3882284364
150,12457.0,52260,1.43026375973,-77.3831159734
151,6211.0,52287,0.91421698279,-77.3284304407
152,18845.0,52317,0.9750379043,-77.7375894143
153,28659.0,52399,1.61969737595,-77.1428462178
154,10774.0,52320,1.15136665778,-77.5301133624
155,8201.0,52405,1.93897699147,-77.3119443226
156,6290.0,52323,0.92864262303,-77.5826188269
157,7112.0,52352,0.98053403689,-77.5186572947
158,6351.0,52354,1.07287696979,-77.5015086436
159,105517.0,52356,0.5586142199,-77.3703569235
160,32672.0,52227,0.94422327447,-77.9595844555
161,5096.0,52233,1.72559011016,-77.5928163725
162,6498.0,52256,1.84509445197,-77.4382576751
163,5321.0,52385,1.55400610839,-77.7031676235
164,8703.0,52418,1.67260126943,-77.7105444874
165,8149.0,52540,1.73535420156,-77.4813435901
166,18067.0,52612,1.2027550843,-78.047650359
167,34248.0,52079,1.44563773954,-78.1562107238
168,21071.0,52250,2.18315477604,-77.7957364622
169,5847.0,52390,2.41930642959,-78.2099103498
170,18262.0,52427,1.90685842949,-78.0447364381
171,10206.0,52473,2.44249369779,-78.4388270041
172,21415.0,52490,2.28989293391,-78.2947162276
173,7430.0,52520,2.08853192544,-78.591930987
174,10473.0,52621,1.89758115613,-78.3811163004
175,8989.0,52696,2.3021551802,-77.8743722922
176,30104.0,94001,3.31940498489,-68.4572365918
177,7207.0,94343,3.31350791676,-69.3987703833
178,1011.0,94663,2.80888222259,-70.2693256359
179,1411.0,94883,2.15590864045,-67.3398854313
180,1643.0,94884,2.50757983628,-68.2089871518
181,222.0,94885,1.40454027262,-67.0015180013
182,839.0,94886,3.3861624499,-67.5850799835
183,1182.0,94887,1.98105529404,-69.1144003559
184,812.0,94888,2.42144480568,-69.8400158499
185,4026.0,99624,4.97899582687,-70.6517555903
186,19788.0,99001,5.83652966876,-68.1412223364
187,9690.0,99524,5.52156131618,-69.6104813988
188,43138.0,99773,4.26245474633,-69.5214048347
189,156942.0,85001,5.24274476082,-72.2580285704
190,33440.0,85010,5.12612188623,-72.5482101665
191,2009.0,85015,5.22845340431,-72.8649680364
192,1227.0,85136,6.17828237251,-72.3469337724
193,13291.0,85139,4.6757694879,-72.2128027271
194,14828.0,85162,4.84130864156,-72.8473433982
195,8469.0,85225,5.52918123491,-72.0925193706
196,8142.0,85230,4.91513913346,-71.5987396574
197,10675.0,85263,5.66319495267,-71.9258080581
198,1247.0,85279,5.26306850746,-72.7708183072
199,3046.0,85300,4.8111901096,-72.9958065502
200,1675.0,85315,6.04990643452,-72.2107616316
201,7537.0,85325,5.23183622755,-71.5935463961
202,6317.0,85400,5.87892742356,-72.2006782207
203,21709.0,85410,4.69746369094,-72.629224357
204,11734.0,85430,5.3674202724,-71.1941634884
205,31727.0,85440,4.52830771916,-72.8231428099
206,11431.0,85125,6.10902142225,-71.1364550022
207,34446.0,85250,5.77991528141,-70.8694703701
208,42844.0,91001,-3.53005878352,-70.0451369098
209,1885.0,91263,-1.99723479453,-72.7236156554
210,2357.0,91405,-1.24049479816,-72.7604834078
211,3781.0,91407,-1.42714300067,-70.0383044467
212,166.0,91430,-0.1250163806,-71.1048780474
213,1023.0,91460,-0.68703755319,-71.1855045979
214,681.0,91530,-0.95214507309,-73.757227478
215,794.0,91536,-1.91085405985,-71.1484048951
216,7896.0,91540,-3.63132322198,-70.4719903926
217,1450.0,91669,-1.10103262403,-71.9389335822
218,3179.0,91798,-2.45179426393,-70.0065153529
219,27709.0,97001,1.01557185049,-70.4175528758
220,2827.0,97161,1.05276231447,-71.3309303499
221,3956.0,97511,0.19477000519,-70.9364722905
222,2010.0,97666,-0.719822209,-69.9077620146
223,432.0,97777,1.68161138141,-70.7061876108
224,756.0,97889,0.83331224127,-69.6186775439
225,48086.0,95001,2.48428609064,-71.9191699264
226,8648.0,95015,1.6136342842,-73.0342639003
227,11340.0,95025,2.08611536275,-71.5365668728
228,5007.0,95200,1.36397493216,-72.018109505
229,400436.0,17001,5.0834330102,-75.50727881
230,20712.0,17013,5.59677537514,-75.4503581963
231,20495.0,17486,5.18335858875,-75.5069297742
232,2081.0,17446,5.23558524426,-75.2831664792
233,12146.0,17444,5.30914249135,-75.0411789225
234,8485.0,17442,5.4926320291,-75.60209955
235,16532.0,17433,5.23295390987,-75.1526344721
236,5325.0,17388,5.39318571578,-75.5579107073
237,70802.0,17380,5.54052657695,-74.7122957459
238,9630.0,17272,5.285743777,-75.5897878392
239,48484.0,17174,4.98711727732,-75.6671247483
240,9690.0,17088,4.99467728028,-75.8122598918
241,9854.0,17050,5.26553996895,-75.4739261945
242,31811.0,17042,5.20029922022,-75.7528907794
243,5949.0,17495,5.6380623494,-74.854927072
244,12432.0,17877,5.04782205392,-75.8792969996
245,62831.0,17873,4.94021159134,-75.4354401366
246,8172.0,17867,5.4475428589,-74.8362250166
247,26571.0,17777,5.45295802044,-75.6403570454
248,4524.0,17665,5.07070413129,-75.813514981
249,17466.0,17662,5.5402858001,-74.9936848583
250,16759.0,17653,5.37033242493,-75.4096217663
251,9840.0,17616,5.11218739557,-75.7587979873
252,17342.0,17541,5.4071878358,-75.166839962
253,13560.0,17524,5.05034254272,-75.6617626589
254,13214.0,17513,5.5000350347,-75.482450565
255,48329.0,17614,5.44227541774,-75.7522049903
256,275641.0,63001,4.49950112763,-75.7248998518
257,2741.0,63111,4.36663238191,-75.7440373402
258,70662.0,63130,4.46787942841,-75.6567471902
259,27135.0,63190,4.60484534438,-75.6668844939
260,5535.0,63212,4.39597517649,-75.6513230769
261,11345.0,63272,4.66932534652,-75.6714694072
262,7121.0,63302,4.18010777259,-75.7605669475
263,32564.0,63401,4.43567415629,-75.8173213607
264,35324.0,63470,4.52189094529,-75.8180659422
265,4877.0,63548,4.30397933978,-75.683304171
266,29117.0,63594,4.61027349665,-75.7920508694
267,7578.0,63690,4.61131465391,-75.5309211218
268,409670.0,66001,4.78129027254,-75.7123613915
269,10707.0,66045,5.13963535692,-75.9535387047
270,5009.0,66075,4.91834967564,-75.9427538581
271,21450.0,66088,5.2003986956,-75.8679389335
272,194890.0,66170,4.84202114424,-75.6699365493
273,11532.0,66318,5.32029596632,-75.8043665892
274,6178.0,66383,4.98812767853,-76.008226782
275,25900.0,66400,4.90470418715,-75.8520816228
276,15455.0,66440,4.94293618498,-75.7532138959
277,16203.0,66456,5.41407814064,-75.9613538661
278,14429.0,66572,5.2862954078,-76.0735942121
279,25213.0,66594,5.32390686438,-75.7133968316
280,71174.0,66682,4.833789828,-75.5495017438
281,11787.0,66687,5.04597769633,-75.9819827277
282,2372330.0,05001,6.2575902592,-75.6110310655
283,23361.0,05101,5.84099566599,-76.0106525261
284,5946.0,05107,7.1117884615,-75.5622347375
285,7409.0,05113,6.8090648898,-75.9120659467
286,26460.0,05120,7.66515510527,-75.2236974414
287,15097.0,05093,6.18578361195,-75.9564924625
288,8589.0,05091,5.72708128537,-75.9868910738
289,481901.0,05088,6.35884108627,-75.5897358776
290,5349.0,05086,6.65366277534,-75.6538511989
291,44757.0,05079,6.44341793477,-75.3292408536
292,3819.0,05059,6.1636837578,-75.8099552812
293,6752.0,05055,5.70811452447,-75.0946979543
294,26289.0,05051,8.61139526228,-76.4147831727
295,6388.0,05044,6.30804025926,-75.912590871
296,23216.0,05042,6.53571157568,-75.9042665788
297,14502.0,05040,7.19311077805,-75.1084895387
298,10500.0,05038,6.8614987641,-75.3583159968
299,5027.0,05036,6.12143030262,-75.7159496625
300,38144.0,05034,5.6239522962,-75.924591012
301,20265.0,05031,6.97778884251,-74.9812392985
302,26821.0,05030,6.03292199422,-75.7080030982
303,3839.0,05021,6.36553412474,-75.090597022
304,2159.0,05004,6.62756937816,-76.0859775607
305,17599.0,05002,5.80372815403,-75.438473525
306,24067.0,05895,7.47400400569,-74.8584832583
307,17597.0,05893,6.92515931795,-74.1582404143
308,19010.0,05890,6.64532552437,-74.9227541034
309,36337.0,05887,6.98813090044,-75.4543995742
310,6234.0,05885,6.71687067936,-74.7556500198
311,10280.0,05861,5.95657635545,-75.7772242261
312,11134.0,05858,6.83653512204,-74.7540302029
313,5431.0,05856,5.65193780167,-75.6308341234
314,11511.0,05854,7.26540421316,-75.4009450153
315,6523.0,05842,6.91391692427,-76.1331851357
316,114434.0,05837,7.99806221866,-76.7238908935
317,4930.0,05819,7.01639706852,-75.71363382
318,8316.0,05809,6.05834997096,-75.7996600468
319,5663.0,05792,5.87106455701,-75.828711443
320,22826.0,05790,7.48887599771,-75.4018943772
321,15012.0,05789,5.67375857082,-75.7097997431
322,13748.0,05761,6.52016455156,-75.7458090327
323,31861.0,05756,5.76250368036,-75.0593590465
324,33690.0,05736,7.2669233905,-74.6216392631
325,30311.0,05697,6.1242094948,-75.2521227757
326,9786.0,05690,6.48104413166,-75.142600968
327,31067.0,05686,6.6758278248,-75.4381433318
328,22030.0,05679,5.87898495605,-75.5833037105
329,5057.0,05306,6.66309586283,-75.9480466276
330,18790.0,05282,5.88770293382,-75.6792624192
331,212437.0,05266,6.15439492152,-75.5468677877
332,8820.0,05264,6.59465600361,-75.5591308331
333,47642.0,05250,7.70463335111,-74.6642772634
334,10338.0,05240,6.32644492201,-75.7833117482
335,14208.0,05237,6.5054115242,-75.3668305117
336,76479.0,05212,6.35188289296,-75.5007563302
337,16095.0,05209,6.05746867838,-75.9001467834
338,3936.0,05206,6.37610618685,-75.2178590136
339,14743.0,05197,6.00559307403,-75.1601540329
340,8910.0,05190,6.55006543067,-75.0825411597
341,55564.0,05172,7.63166564395,-76.6396421267
342,84717.0,05154,7.86794179248,-75.0350182393
343,3343.0,05150,6.75482144207,-75.3059065391
344,53949.0,05148,5.97807884133,-75.2635361019
345,45936.0,05147,7.7891661139,-76.6566818903
346,4269.0,05145,5.55527529566,-75.6308209638
347,3967.0,05142,6.33797388009,-74.7335481727
348,13595.0,05138,6.81495002276,-76.0268963203
349,7432.0,05134,7.03601747787,-75.2876617785
350,76260.0,05129,6.05444684112,-75.626426743
351,7018.0,05125,6.42346363895,-75.9935149804
352,18051.0,05674,6.3103875219,-75.3274016277
353,17792.0,05670,6.44867515797,-74.9318588146
354,12578.0,05667,6.31074453,-74.998586516
355,30527.0,05665,8.37915694991,-76.3166423342
356,17119.0,05664,6.4586663082,-75.5624838975
357,11120.0,05660,6.01451681966,-74.9620054969
358,19992.0,05659,8.70714158273,-76.5324823432
359,2952.0,05658,6.82325891256,-75.6777082625
360,13158.0,05656,6.43830040901,-75.7031072723
361,5365.0,05652,5.87950561749,-74.9760326363
362,14480.0,05649,6.1937896593,-74.9073276897
363,6295.0,05647,6.91842723259,-75.6657757998
364,15782.0,05642,5.97050233369,-75.9813725114
365,7833.0,05628,6.9010005062,-75.7922275345
366,116400.0,05615,6.15078580701,-75.4107605236
367,20700.0,05607,6.05344425421,-75.515738045
368,22530.0,05604,6.99726737477,-74.5586565182
369,17231.0,05591,5.95483015065,-74.6861917978
370,12161.0,05585,6.12653913935,-74.7031772173
371,36801.0,05579,6.48192226711,-74.5287421006
372,7202.0,05576,5.8097018601,-75.860766666
373,7155.0,05543,7.04418005816,-75.8896884342
374,18010.0,05541,6.23239636775,-75.2235090551
375,2719.0,05501,6.61141808323,-75.7756709691
376,24066.0,05495,7.99046767878,-74.7924214919
377,38420.0,05490,8.49372855119,-76.6769958841
378,8603.0,05483,5.58127531225,-75.1945701855
379,12607.0,05480,7.32955784816,-76.4630656954
380,5881.0,05467,5.91685390321,-75.5197269264
381,55230.0,05440,6.1852051502,-75.3048793295
382,7297.0,05425,6.53457358536,-74.7141085415
383,7928.0,05411,6.72399093467,-75.7830004576
384,20769.0,05400,5.94043468516,-75.3542902273
385,7974.0,05390,5.74658395806,-75.6022020599
386,59386.0,05376,5.99252484314,-75.4308693474
387,11257.0,05368,5.76982053604,-75.7648825557
388,13541.0,05364,5.57444433877,-75.8184257485
389,263332.0,05360,6.17927943825,-75.6142036986
390,4950.0,05353,5.79703900241,-75.9066920285
391,4709.0,05347,6.21451178844,-75.7497100191
392,7038.0,05321,6.24577560943,-75.1585189234
393,42500.0,05318,6.2666257032,-75.4373080082
394,5452.0,05315,6.86157632511,-75.2259130273
395,9204.0,05313,6.12338072095,-75.1276364626
396,8235.0,05310,6.70956283921,-75.1927029118
397,49045.0,05308,6.37974589531,-75.4479574418
398,22717.0,05234,6.99224378213,-76.3142632841
399,20156.0,05284,6.69136477334,-76.3319965603
400,23784.0,05361,7.30294625918,-75.8503510567
401,29004.0,05847,6.3353413398,-76.2590648189
402,4642.0,05475,6.82877385546,-76.708613491
403,8139.0,05873,6.45335133435,-76.6950480171
404,113469.0,05045,7.89613638422,-76.5669525761
405,48257.0,27615,7.38988793745,-77.2406748332
406,120679.0,27001,5.93895298515,-76.6636784459
407,12095.0,27006,8.43419580192,-77.2896789248
408,23954.0,27025,5.63674098866,-77.0842153989
409,5519.0,27050,5.56064017898,-76.6061156625
410,10583.0,27073,5.50311977242,-76.1979690651
411,9417.0,27075,6.2901510466,-77.3538277986
412,18561.0,27077,5.01184122749,-77.2176717839
413,11933.0,27099,6.47466688543,-77.0993302504
414,5663.0,27135,5.35966196729,-76.7725562444
415,13189.0,27150,7.03364654086,-76.9742301641
416,4683.0,27160,5.38982822888,-76.5226423682
417,12251.0,27205,5.07371598749,-76.5275063197
418,7900.0,27245,5.81093836421,-76.1918944237
419,11579.0,27250,4.24716134402,-76.9626014261
420,28087.0,27361,4.73983990424,-76.8691579474
421,4108.0,27372,7.10333886802,-77.6797366214
422,8928.0,27413,5.5851011786,-76.3854444882
423,10140.0,27425,6.03388009808,-76.6734697026
424,13423.0,27430,5.11039224293,-76.9959307524
425,9073.0,27450,4.8152497861,-76.8040867882
426,8164.0,27491,4.85338662676,-76.6182366849
427,3456.0,27495,5.69006495855,-77.2929748581
428,4525.0,27580,5.17267254585,-76.4844611864
429,7974.0,27600,5.56753333663,-76.8115708439
430,4721.0,27660,4.95874134519,-76.2800236059
431,2768.0,27745,4.5944151575,-76.5419445935
432,17000.0,27787,5.26610157976,-76.3310954721
433,12192.0,27800,8.11728107938,-77.1037272298
434,6590.0,27810,5.28527811769,-76.6453978134
435,138091.0,52835,1.63610339225,-78.6139051371
436,433723.0,23001,8.58469801555,-75.9505507875
437,38816.0,23068,8.26576868814,-75.0486843568
438,18344.0,23079,8.19139795296,-75.4338253188
439,14831.0,23090,8.72409580047,-76.237790807
440,96252.0,23162,8.89101333844,-75.8346127679
441,13492.0,23168,9.11024941038,-75.6523735106
442,42680.0,23182,9.02749349205,-75.3566768554
443,56278.0,23189,8.84181189399,-75.6077982917
444,16215.0,23300,9.05695248934,-75.7789398561
445,13742.0,23350,8.05221842157,-75.2881602199
446,98491.0,23417,9.16503499766,-75.909781236
447,15886.0,23419,8.83903704283,-76.2949264839
448,16264.0,23464,9.26546162123,-75.6509087619
449,25095.0,23500,9.19051534266,-76.1193170936
450,60259.0,23555,8.29029674623,-75.6123781433
451,26968.0,23570,8.48133956804,-75.4051615421
452,19474.0,23574,8.98866773063,-76.1940591244
453,14705.0,23586,9.28238612679,-75.7212939205
454,94020.0,23660,8.7990070159,-75.4292566392
455,42046.0,23670,9.12129635319,-75.5209171125
456,29028.0,23672,9.35966748909,-75.7870025207
457,29437.0,23675,9.33009832923,-75.9762385776
458,23532.0,23678,8.70646426312,-75.6925182448
459,11059.0,23682,7.75305439475,-75.5672473972
460,40617.0,23686,8.98777739241,-75.909587708
461,40033.0,23815,9.22463080319,-75.544105925
462,30545.0,23855,8.21990412773,-76.2213286
463,71824.0,23466,7.8863378122,-75.7606750516
464,35362.0,23580,7.71151573618,-75.7712322384
465,86578.0,23807,7.81389682861,-76.1684667801
466,1120103.0,08001,10.9815205105,-74.8277154388
467,61527.0,08078,10.7932930189,-74.9221949061
468,22810.0,08137,10.402620856,-74.8784083209
469,15631.0,08141,10.4890204714,-74.8775662684
470,55123.0,08296,10.8977199073,-74.8870878763
471,18828.0,08372,10.8230650323,-75.0784190391
472,27647.0,08421,10.6350311615,-75.1540274101
473,119920.0,08433,10.8482886419,-74.8061755489
474,19233.0,08436,10.4541455461,-74.9847736686
475,27098.0,08520,10.6948120777,-74.7701509028
476,5636.0,08549,10.7407895939,-75.1436603351
477,16222.0,08558,10.7674014141,-74.854148436
478,23420.0,08560,10.5946510209,-74.7984731584
479,47899.0,08573,11.0044225967,-74.9074058039
480,25467.0,08606,10.5075705133,-75.1218805271
481,32026.0,08634,10.7989401513,-74.7687966034
482,92480.0,08638,10.6225077735,-74.9551054159
483,12650.0,08675,10.3536419203,-74.9654117866
484,28693.0,08685,10.7440482372,-74.7947955323
485,535984.0,08758,10.9069065952,-74.7784249032
486,11607.0,08770,10.3108503475,-74.9071330843
487,12718.0,08832,10.9072193839,-74.9842329299
488,9543.0,08849,10.7405226569,-74.9826741262
489,887946.0,13001,10.4491887709,-75.469902233
490,18879.0,13006,8.62294326201,-74.4780594483
491,9009.0,13030,8.75746886326,-74.1951581059
492,7169.0,13042,8.34101799526,-74.106959439
493,67118.0,13052,10.1642212248,-75.3712178842
494,8058.0,13062,10.2417180472,-75.0269042151
495,14435.0,13074,8.83618723666,-74.1627117162
496,22202.0,13140,10.2188284924,-75.0011947454
497,6874.0,13160,7.23922914616,-74.1001404292
498,13120.0,13188,9.23526859761,-74.6884096148
499,15012.0,13212,9.54004751469,-74.8944563465
500,13821.0,13222,10.5566369545,-75.314466528
501,67461.0,13244,9.69981987635,-75.1579357256
502,7861.0,13248,10.0348367235,-74.9281107168
503,7234.0,13268,8.86481878617,-73.9123014716
504,26075.0,13433,10.1782139076,-75.1797816096
505,9720.0,13440,9.05460188904,-74.225847059
506,45324.0,13442,9.97601716845,-75.3438026486
507,13470.0,13458,8.0171002399,-74.4634291122
508,43217.0,13468,9.14251206434,-74.545199057
509,18678.0,13473,8.25370006096,-73.9713458991
510,7899.0,13490,8.50613475986,-74.1158891151
511,23349.0,13549,8.87158971276,-74.3858782877
512,5335.0,13580,8.72201814804,-73.8511788104
513,8125.0,13600,8.49302257209,-73.9970335289
514,7454.0,13620,10.3697208707,-75.0733383524
515,16518.0,13647,10.3646819191,-75.205234868
516,23576.0,13654,9.83536201083,-75.1060920093
517,8079.0,13655,8.23751028846,-74.6683999763
518,35438.0,13657,9.9679578233,-75.0657195872
519,14504.0,13667,8.78769226486,-74.0103273815
520,24669.0,13670,7.4223663198,-74.1356646053
521,14039.0,13673,10.6498127762,-75.2654846304
522,18375.0,13683,10.4692072566,-75.3611605267
523,27825.0,13688,7.77251917281,-74.2627284259
524,15353.0,13744,7.851315534,-73.9837160911
525,9187.0,13760,10.3320903135,-75.1169922568
526,12845.0,13780,9.31344655777,-74.6401021565
527,17939.0,13810,8.49234517566,-74.2967613867
528,98667.0,13836,10.3531075642,-75.3797154105
529,15550.0,13838,10.2160468099,-75.4703776476
530,21135.0,13873,10.4449131983,-75.2673627543
531,11367.0,13894,9.74514702097,-74.8806703673
532,18434.0,20032,9.51072792462,-73.9421464108
533,37531.0,20060,9.94639130927,-73.8662881528
534,30289.0,20175,9.21878186452,-73.7526712425
535,27006.0,20178,9.42664835352,-73.547978944
536,34838.0,20228,9.23877133221,-73.488108612
537,28550.0,20238,10.1999535633,-73.912820636
538,34620.0,20250,9.68177991756,-73.6935032804
539,12444.0,20295,8.33772662202,-73.7064919856
540,4053.0,20310,8.40551652161,-73.3753730851
541,14989.0,20383,8.62133211466,-73.633093759
542,37356.0,20400,9.55134046561,-73.3206839931
543,9313.0,20443,10.3909550729,-72.9916853944
544,16800.0,20517,8.93891614346,-73.5724721252
545,18497.0,20550,8.76411673364,-73.6329554643
546,14408.0,20614,8.20107024499,-73.4875012646
547,23040.0,20710,7.81439059098,-73.4537197507
548,18531.0,20750,10.1695271209,-73.2879827024
549,14063.0,20787,8.90207501224,-73.7633961972
550,459349.0,20001,10.3820362859,-73.4632629326
551,58621.0,20013,9.94921590787,-73.2235824408
552,20477.0,20045,9.72773293903,-73.2525052224
553,26109.0,20621,10.1642465262,-73.190754961
554,22929.0,20570,10.4669619272,-73.5885513642
555,20452.0,20770,7.93778845423,-73.5443631215
556,95878.0,20011,8.24873521908,-73.6227404996
557,28549.0,44078,10.9894109087,-72.6867456052
558,11934.0,44098,10.9250510667,-72.9444402729
559,6963.0,44110,10.6366964546,-72.8858430999
560,40852.0,44279,10.8283715998,-72.8018177989
561,17672.0,44378,11.0995210324,-72.7324860728
562,2952.0,44420,10.4580940995,-73.0720919268
563,10198.0,44855,10.4947021012,-72.986239906
564,24996.0,44874,10.5836475543,-72.9752028623
565,177573.0,44001,11.2429721409,-72.9587631521
566,26940.0,44035,11.2286904852,-72.5320965737
567,36196.0,44090,11.0902971465,-73.4356878763
568,46077.0,44650,10.81311496,-73.0865998639
569,160711.0,44847,11.9997198551,-71.7488266162
570,159223.0,44430,11.381577644,-72.2950081774
571,74528.0,44560,11.6055426325,-72.5716039221
572,7569.0,47541,10.1542954588,-74.8317809059
573,14294.0,47030,10.2535647481,-74.1032302723
574,28348.0,47058,9.83426495472,-74.0846008458
575,9225.0,47161,10.2937305982,-74.8198109133
576,18208.0,47170,10.099519608,-74.526066666
577,9681.0,47205,10.2328480128,-74.7781017528
578,17308.0,47258,10.343109882,-74.678177555
579,19345.0,47268,10.6596169636,-74.3251597016
580,25312.0,47318,9.24800467302,-74.1396808468
581,17470.0,47460,9.73599813445,-74.32840222
582,11071.0,47545,9.53074865368,-74.1447657018
583,34374.0,47551,10.4330339928,-74.4125119659
584,56210.0,47555,9.76945611003,-74.6018157585
585,26419.0,47570,10.8475890137,-74.3605794219
586,9555.0,47605,10.6486035063,-74.5810682256
587,14060.0,47660,10.1053302751,-74.2644392019
588,9360.0,47675,10.5153817797,-74.7229697163
589,18865.0,47692,9.35255962162,-74.2012169345
590,11279.0,47703,9.32765227015,-74.356722512
591,22723.0,47707,9.51946640526,-74.3393528002
592,9345.0,47720,9.52211463431,-74.6478999904
593,25804.0,47745,10.8902761602,-74.6296603778
594,12364.0,47798,9.92470126685,-74.7326300112
595,8606.0,47960,10.1177989283,-74.6911545617
596,66802.0,47980,10.7963465826,-74.1779831677
597,37476.0,47053,10.6449087653,-73.8797225682
598,118435.0,47189,10.889232971,-74.0427765482
599,64833.0,47288,10.459378178,-73.8840651794
600,479853.0,47001,11.1218943566,-73.8852785507
601,59594.0,47245,9.11493063471,-73.9810549055
602,274622.0,70001,9.3166739278,-75.4317496645
603,10007.0,70110,9.32004529308,-74.9520443885
604,13331.0,70124,8.79231159876,-75.131910629
605,7803.0,70204,9.5279497463,-75.3644714041
606,66350.0,70215,9.20402545927,-75.2505251893
607,17091.0,70221,9.39444980152,-75.6574915005
608,4425.0,70230,9.56958459799,-75.3242090754
609,9786.0,70233,9.07100938503,-75.1381866041
610,20239.0,70235,9.13516909575,-74.9813470567
611,15618.0,70265,8.38392069878,-74.676184817
612,11510.0,70400,8.81199779887,-75.2832221159
613,21831.0,70418,9.42238011715,-75.2130219101
614,32622.0,70429,8.54614813406,-74.7103788335
615,22384.0,70508,9.54965527074,-75.1885591606
616,12534.0,70523,9.33494029308,-75.5619902727
617,44617.0,70670,9.16518864911,-75.3602742168
618,25511.0,70678,8.83563491948,-74.9646939832
619,13437.0,70702,9.29201907119,-75.213635785
620,53340.0,70708,8.58922010212,-75.172499549
621,47952.0,70713,9.81459953607,-75.5052291915
622,18029.0,70717,9.39683563837,-75.0374181476
623,30188.0,70742,9.25629904718,-75.0939708887
624,23971.0,70771,8.81433347701,-74.7475313122
625,32012.0,70820,9.53381056734,-75.5354346945
626,20033.0,70823,9.49029771613,-75.4445111543
627,14793.0,70473,9.39249668474,-75.3271874424
628,43754.0,88001,12.5431788172,-81.7175723413
629,4545.0,88564,13.3532502866,-81.3739394889
630,75735.0,81001,6.7962808246,-70.5092115286
631,4169.0,81591,6.41176182934,-70.9667896424
632,3644.0,81220,6.34671877851,-70.0698292517
633,45268.0,81065,6.79933839438,-71.2982742926
634,17492.0,81300,6.70531595273,-71.8294520013
635,52884.0,81736,6.9069417144,-71.850707567
636,40311.0,81794,6.39065047881,-71.7917864683
637,167991.0,15001,5.51847261503,-73.3780185558
638,1582.0,15022,4.95482508109,-73.3881342447
639,13860.0,15047,5.43741637292,-72.8714947112
640,5465.0,15051,5.74956529376,-73.4388796663
641,7322.0,15087,6.005059265,-72.8936988734
642,1453.0,15090,5.23205844994,-73.1011739781
643,1895.0,15092,5.92085893305,-72.8485787634
644,5024.0,15097,6.33751562563,-72.6202123895
645,4472.0,15104,5.43985621614,-73.3813699383
646,2054.0,15106,5.67550997638,-73.909326815
647,4240.0,15109,5.48939941904,-73.9506625456
648,903.0,15114,5.84348373089,-72.8757462297
649,3086.0,15131,5.57599066861,-73.8805750774
650,2705.0,15135,5.00686253605,-73.1446703021
651,3636.0,15162,5.96201369839,-72.9644728839
652,2842.0,15172,5.20297163872,-73.3404807358
653,52321.0,15176,5.62248802448,-73.8042453116
654,7778.0,15183,6.09146848497,-72.4390317378
655,5013.0,15185,5.98439462549,-73.4258237508
656,2783.0,15187,5.56388108605,-73.2633158319
657,4492.0,15189,5.39305963322,-73.2820577162
658,12636.0,15204,5.68764703346,-73.3292895576
659,3019.0,15212,5.44298344717,-74.0278295592
660,2479.0,15215,5.82454581959,-72.845448448
661,3075.0,15377,5.54137813201,-72.5903846009
662,2300.0,15380,5.11316710183,-73.4592370767
663,956.0,15401,5.51672422318,-74.2287317959
664,2872.0,15403,6.26512619069,-72.5555108484
665,6604.0,15542,5.49848332421,-73.0783799304
666,1582.0,15550,5.74349379297,-72.4457904296
667,44784.0,15572,5.95346665403,-74.4528581017
668,4194.0,15580,5.56154120007,-74.217934099
669,7133.0,15755,5.9349203817,-72.5591290369
670,7509.0,15757,5.96049883573,-72.6823978415
671,120462.0,15759,5.66795586906,-72.8863031482
672,2377.0,15761,4.97097406446,-73.4287878519
673,6905.0,15842,5.21724136842,-73.4633847678
674,13984.0,15861,5.38338548117,-73.5209794236
675,2582.0,15879,5.44055821605,-73.2662745562
676,4301.0,15897,5.28563598279,-73.1676309121
677,2628.0,15218,6.51952147639,-72.7402042089
678,3375.0,15224,5.52710410943,-73.4459864589
679,1628.0,15226,5.58775448958,-72.9395368633
680,4347.0,15232,5.64307564809,-73.4456239068
681,1669.0,15236,4.87118160555,-73.361423792
682,117606.0,15238,5.8906025148,-73.0670948433
683,3999.0,15244,6.35336317713,-72.4192375188
684,2715.0,15248,6.50824055579,-72.4804962472
685,6523.0,15272,5.67367659049,-73.0198335158
686,3186.0,15276,5.85899210993,-72.9249982648
687,2744.0,15293,5.74410597491,-73.5426551963
688,4395.0,15296,5.80333134311,-72.735502436
689,14145.0,15299,5.08946665074,-73.3143027225
690,1790.0,15317,6.44543854647,-72.5163533226
691,8123.0,15322,5.01450830999,-73.4881235155
692,3112.0,15325,4.93142434126,-73.4966337236
693,1944.0,15362,5.61736601613,-72.9698650444
694,6333.0,15367,5.37715175222,-73.3769496753
695,3540.0,15368,6.14545948703,-72.5858085492
696,14406.0,15407,5.66576242422,-73.5149480026
697,3568.0,15425,4.98017649524,-73.2941369461
698,5354.0,15442,5.56981063345,-74.020031272
699,8274.0,15455,5.15095329729,-73.1789672171
700,4300.0,15464,5.70971245903,-72.6915815705
701,3895.0,15466,5.69735222761,-72.8329866419
702,20848.0,15469,5.86337048492,-73.5585253777
703,5253.0,15476,5.60619244881,-73.377342665
704,8323.0,15480,5.5253462217,-74.1165767904
705,14651.0,15491,5.77875985122,-72.9326832365
706,5025.0,15494,5.3547014847,-73.4487342407
707,2797.0,15500,5.61078784434,-73.2799190534
708,6997.0,15507,5.7537877866,-74.197194226
709,2275.0,15511,5.14832387666,-73.3995121923
710,2930.0,15514,5.09521103488,-73.0043586264
711,31141.0,15516,5.82677153757,-73.1379524611
712,1941.0,15518,5.38232894866,-72.6967267418
713,1644.0,15522,6.44329975805,-72.4618243118
714,6355.0,15531,5.68880155916,-74.0050412146
715,2061.0,15533,5.62124274242,-72.3692905976
716,4047.0,15537,6.02869936504,-72.7675262388
717,8889.0,15599,5.31993409187,-73.3107789963
718,7312.0,15600,5.49626862073,-73.628944376
719,2230.0,15621,5.37994787917,-73.1965099469
720,11161.0,15632,5.69992605094,-73.7479946558
721,4823.0,15638,5.57346488228,-73.5431020025
722,17542.0,15646,5.47053997028,-73.5211756036
723,1572.0,15660,5.23461468569,-73.0491406687
724,4658.0,15664,5.99415408819,-73.5438652236
725,4551.0,15667,4.81527217037,-73.1237820824
726,3307.0,15673,6.40688864182,-72.5596275919
727,2901.0,15676,5.53232692197,-73.7471589782
728,5839.0,15681,5.67734506609,-74.1140374861
729,6826.0,15686,6.05761497073,-73.4897482824
730,3109.0,15690,4.8230025558,-73.253775062
731,11329.0,15693,5.89295030058,-72.9917278035
732,2959.0,15696,5.73160271566,-73.6036628691
733,2026.0,15720,6.13211793002,-72.7303241538
734,1048.0,15723,6.07066237505,-72.7153819043
735,6649.0,15740,5.49874770059,-73.2168177783
736,8538.0,15753,6.32308804465,-72.696040893
737,2586.0,15762,5.58057319098,-73.4437183753
738,7953.0,15763,5.78527544305,-73.2530114221
739,5904.0,15764,5.49489046092,-73.3189999652
740,2555.0,15774,6.2152005776,-72.715756341
741,5755.0,15776,5.64003075913,-73.6259877272
742,3501.0,15778,5.02685716252,-73.4335106583
743,5150.0,15790,5.88229431344,-72.7262681726
744,3461.0,15798,5.07141313856,-73.4247969881
745,7966.0,15804,5.30111664873,-73.3932520946
746,11023.0,15806,5.74732938872,-73.0111472437
747,2869.0,15808,5.57756649705,-73.6761457207
748,3154.0,15810,6.4203534897,-72.6946358336
749,8707.0,15814,5.58025428682,-73.1606969019
750,4224.0,15816,5.92183006207,-73.4892180551
751,3531.0,15820,5.76535030329,-72.8367295756
752,4530.0,15822,5.48919490685,-73.0053446015
753,1526.0,15832,5.72030151619,-73.9433092646
754,5856.0,15835,5.30569741828,-73.5090871377
755,8154.0,15837,5.6721272906,-73.1829821072
756,1794.0,15839,6.07805190329,-72.8570783188
757,3587.0,15180,6.68911805979,-72.4179567478
758,10164.0,15223,6.8869548777,-72.1815628493
759,3921.0,15332,6.56699176498,-72.2559933354
760,6136.0,25019,4.89112163752,-74.4427843166
761,12241.0,25035,4.55996288093,-74.5256952984
762,12204.0,25040,4.78931361407,-74.4619425629
763,10005.0,25053,4.23278698478,-74.3957629114
764,1720.0,25086,4.71968409114,-74.7563181295
765,2224.0,25095,4.84782109123,-74.5286276606
766,9674.0,25099,4.69166842833,-74.3289880826
767,4512.0,25120,3.91861923989,-74.4461560597
768,9274.0,25123,4.72306334148,-74.4591952826
769,81111.0,25126,4.9304027788,-74.0298511519
770,10301.0,25148,5.38150139943,-74.5212359471
771,15594.0,25151,4.40225945656,-73.9448243505
772,7345.0,25154,5.33885655646,-73.9261481722
773,3323.0,25168,4.95425175014,-74.6309013849
774,8633.0,25178,4.42577892574,-74.0594697996
775,10397.0,25181,4.5829651968,-73.9128772287
776,19825.0,25183,5.1184192708,-73.6806858308
777,21102.0,25200,5.10312753243,-73.9753655898
778,31868.0,25214,4.78827199668,-74.1233950687
779,7013.0,25224,5.23030810483,-73.7800188487
780,22775.0,25245,4.55694708512,-74.4265847764
781,3458.0,25258,5.26172824356,-74.3083056392
782,136041.0,25269,4.83405233395,-74.3380228975
783,10749.0,25279,4.52856846241,-73.7970526661
784,5578.0,25281,4.31628007216,-73.9528678377
785,90854.0,25286,4.74399671133,-74.1986599227
786,4849.0,25288,5.41628890221,-73.7705982891
787,4378.0,25293,4.65495512972,-73.5105538141
788,16633.0,25295,5.01001953024,-73.8767175899
789,8203.0,25297,4.86755113436,-73.617732872
790,3055.0,25299,4.72357346448,-73.6005444145
791,6922.0,25312,4.52348488416,-74.3372461921
792,12405.0,25317,5.38729154194,-73.6932823413
793,27571.0,25320,5.17355476389,-74.6401465074
794,14992.0,25322,4.80127683151,-73.8464348524
795,1977.0,25324,4.51230284819,-74.7818497568
796,6148.0,25326,4.91158717009,-73.7864856441
797,3604.0,25328,4.87939572007,-74.4834767924
798,5809.0,25335,4.23187594541,-73.8354398073
799,3311.0,25339,4.16608956261,-74.0246527017
800,2025.0,25368,4.57135025381,-74.6891585364
801,5234.0,25372,4.70517078935,-73.6924787324
802,28501.0,25377,4.70078544302,-73.9293992082
803,29452.0,25386,4.65077316729,-74.4732171694
804,7708.0,25394,5.33340064629,-74.4080786296
805,5429.0,25398,5.20459881974,-74.4078661094
806,13085.0,25402,4.97861984224,-74.3393606114
807,9425.0,25407,5.30363717052,-73.6815322766
808,6057.0,25426,5.04034919802,-73.617382409
809,109696.0,25430,4.77267744366,-74.2597685483
810,3354.0,25436,4.97688115115,-73.5631374061
811,7281.0,25438,4.4844379194,-73.4059848681
812,2101.0,25483,4.40795201465,-74.8056531696
813,12198.0,25486,5.09370535786,-73.8838023746
814,10555.0,25488,4.29478093314,-74.6146949974
815,3086.0,25489,5.13374830396,-74.3963809401
816,5211.0,25491,5.06611076148,-74.3897547578
817,4130.0,25506,4.06334207352,-74.4525979551
818,23726.0,25513,5.16836763414,-74.1633654425
819,3865.0,25518,5.38764734505,-74.163956956
820,4735.0,25524,4.18049726762,-74.4711212973
821,8043.0,25530,4.45234324488,-73.1869857779
822,8686.0,25535,4.29373361058,-74.2739692403
823,15019.0,25572,5.61975274788,-74.5801923034
824,2525.0,25580,4.69133625347,-74.6807440359
825,4453.0,25592,5.09998102983,-74.4945106974
826,4929.0,25594,4.33458904383,-73.85264561
827,6114.0,25596,4.7150726425,-74.5541125876
828,7533.0,25599,4.52036257367,-74.5784206138
829,10788.0,25612,4.30736348945,-74.7294340343
830,10214.0,25645,4.59974135679,-74.3449034158
831,7417.0,25649,4.14095846378,-74.3539769206
832,4043.0,25653,5.31460042334,-74.0723207706
833,9644.0,25658,4.96410070345,-74.2721712858
834,9807.0,25718,4.94680526341,-74.4123092121
835,11067.0,25736,5.00877167222,-73.7809554556
836,20581.0,25743,4.43696714054,-74.3705090301
837,11526.0,25745,5.50977312816,-73.8451916437
838,24838.0,25758,4.88806011201,-73.9658752772
839,14874.0,25769,4.97035803398,-74.156899234
840,15401.0,25772,5.1360802484,-73.7826668146
841,4726.0,25777,5.06169270259,-74.2313832761
842,6073.0,25779,5.44009235844,-73.8239252855
843,5258.0,25781,5.24290934701,-73.8554034279
844,20602.0,25785,4.95152004577,-74.0844964801
845,6735.0,25793,5.19399766387,-73.9563170457
846,8072.0,25797,4.65159860185,-74.3918253514
847,20386.0,25799,4.83854860132,-74.1468028717
848,3944.0,25805,4.32135789946,-74.4866727411
849,2439.0,25807,5.08410268225,-73.5136254569
850,13649.0,25815,4.45207297369,-74.6486440616
851,39416.0,25817,4.96885291285,-73.9288702052
852,3537.0,25823,5.3556883863,-74.2896399433
853,7583.0,25839,4.7590227763,-73.4082788656
854,6390.0,25841,4.50075418247,-73.9756454469
855,40001.0,25843,5.31608065221,-73.8201056626
856,6902.0,25845,4.30173333948,-74.0680872304
857,4032.0,25851,5.19279570759,-74.4778000293
858,6063.0,25862,5.13126754204,-74.3097922865
859,3806.0,25867,4.8891631398,-74.5534585381
860,1712.0,25871,5.27069463621,-74.1907437508
861,15834.0,25873,5.22729870919,-73.5772592092
862,25957.0,25875,5.01167040185,-74.4876474552
863,12589.0,25878,4.43605410493,-74.4854333908
864,10887.0,25885,5.59191015721,-74.3648086528
865,4211.0,25898,4.75432173032,-74.3867344433
866,129652.0,25899,5.04619239608,-74.0230796716
867,10742.0,25001,4.37274467551,-74.6711105092
868,629414.0,54001,8.11204181061,-72.4886264082
869,30191.0,54003,8.01983448068,-73.1585048457
870,8202.0,54051,7.61323128278,-72.8613641975
871,6972.0,54099,7.63346174656,-72.6578137488
872,4698.0,54109,8.07980223932,-72.9291992548
873,2733.0,54125,7.27056008782,-72.6521215256
874,8642.0,54128,7.68418889638,-73.1293948118
875,16021.0,54172,7.58335313619,-72.5839097791
876,7648.0,54223,7.5021823662,-72.7970344714
877,4390.0,54239,7.74699320556,-72.6720807194
878,26019.0,54261,8.08120009177,-72.6315211757
879,6408.0,54313,7.90652299051,-72.8070558153
880,9745.0,54344,8.3618319871,-73.0782632984
881,4702.0,54347,7.4939557814,-72.4926999808
882,5550.0,54377,7.26551534607,-72.522663111
883,11040.0,54385,7.6952335926,-73.3613967226
884,7237.0,54398,8.25675787463,-73.1878932662
885,81411.0,54405,7.7422910938,-72.5268078354
886,3609.0,54418,7.96371275857,-72.8467029033
887,3891.0,54480,7.31694996984,-72.7683458349
888,111643.0,54498,8.23114877339,-73.3524617097
889,45521.0,54518,7.37905762339,-72.6759034753
890,4944.0,54520,7.48287886035,-72.6351540094
891,8139.0,54553,8.32913864225,-72.4111906552
892,5420.0,54599,7.59535597397,-72.5075662211
893,8768.0,54660,7.77274782354,-72.8676995869
894,9961.0,54670,8.45383754842,-73.1579809415
895,6677.0,54673,7.8478721953,-72.6097120336
896,3087.0,54680,7.889234454,-72.7182541037
897,21243.0,54720,8.26412848413,-72.8063153747
898,5713.0,54743,7.18099187912,-72.7861788414
899,4602.0,54871,7.93629317286,-72.9875941824
900,93735.0,54874,7.75628218314,-72.4820253245
901,10554.0,54174,7.05161677,-72.5254474576
902,18112.0,54206,8.87315989473,-73.2000776858
903,12001.0,54245,8.86799003506,-73.3458592161
904,12727.0,54800,8.76001379417,-73.1571409657
905,51399.0,54810,8.71350723663,-72.7992585501
906,14962.0,54820,7.22586496115,-72.3059341772
907,19075.0,54250,8.67826367106,-73.0317596984
908,7181469.0,11001,4.31610769809,-74.1810727016
909,451212.0,50001,4.09166877008,-73.492915945
910,78199.0,50006,4.00964445932,-73.7239134796
911,5946.0,50110,4.51907612664,-72.9954898127
912,5432.0,50124,4.3152447589,-72.9526889564
913,13611.0,50150,3.8051540892,-73.5388666765
914,6377.0,50223,3.82824189741,-74.0752974371
915,21397.0,50226,4.23252638932,-73.3147753922
916,1575.0,50245,4.35376988808,-73.7144168442
917,7397.0,50251,3.61562454189,-73.8880070695
918,3699.0,50270,3.70696978519,-73.8316189225
919,11599.0,50287,3.38237012413,-73.5962542926
920,64932.0,50313,3.4965625478,-73.7469590952
921,13857.0,50318,3.94777558498,-73.9598386376
922,9751.0,50330,3.15477120082,-74.124548242
923,8549.0,50370,3.04772685789,-74.4306613394
924,10576.0,50400,3.61471487279,-74.0962846666
925,8086.0,50450,2.75226011241,-72.7210941019
926,28270.0,50573,4.01429892107,-72.6457049918
927,8982.0,50577,3.19309292474,-73.2367143641
928,11433.0,50590,2.75808365681,-73.1378017094
929,17610.0,50606,4.23746699681,-73.4736660899
930,11512.0,50680,3.84761677973,-73.2758340136
931,8242.0,50683,3.28985117143,-73.8163524339
932,1149.0,50686,4.47134632156,-73.6604135545
933,22281.0,50689,3.53590907311,-72.9853692761
934,16525.0,50711,2.81161669812,-73.6665223357
935,23877.0,50350,2.16186391692,-74.0948807562
936,6036.0,50325,3.11752336074,-71.9380569159
937,41017.0,50568,4.00503446676,-71.6315742854
938,314526.0,41001,2.9933600458,-75.2723623222
939,22871.0,41306,2.37178153872,-75.5169975364
940,15913.0,41319,1.98439401601,-75.6969354885
941,6700.0,41349,2.54165416117,-75.4478108308
942,9064.0,41357,2.69151777285,-75.673831406
943,24593.0,41359,2.00678434072,-76.2563632528
944,12475.0,41378,2.18145257055,-76.1178184009
945,54405.0,41396,2.32807658648,-76.0011729875
946,6168.0,41483,2.57606628542,-75.7869375742
947,11111.0,41503,2.06119136234,-76.0411028904
948,6424.0,41518,2.40689827013,-75.7280302696
949,24243.0,41524,2.91449196673,-75.4406611769
950,10454.0,41530,1.68458075961,-76.1478558968
951,12246.0,41548,2.25960177347,-75.8319516044
952,120287.0,41551,1.8279035829,-76.1191958168
953,22877.0,41615,2.78222411408,-75.2355448403
954,10076.0,41660,2.10038284917,-76.2289787079
955,32409.0,41668,1.92416549263,-76.4165655034
956,10215.0,41676,2.92626593651,-75.6335978546
957,17376.0,41770,1.87099209527,-75.8079847065
958,16108.0,41791,2.13028054434,-75.8753484488
959,9767.0,41797,2.52685513233,-75.6825964201
960,10273.0,41799,3.03061177665,-75.0853655301
961,7376.0,41801,2.82411372555,-75.7143529811
962,20919.0,41807,1.95071522601,-75.9175764866
963,6943.0,41872,3.28705787478,-75.1383829204
964,7380.0,41885,2.64656333892,-75.5159264485
965,66311.0,41298,2.17244149638,-75.5713124246
966,3736.0,41244,2.00624818175,-75.9509169407
967,7040.0,41206,3.4519879959,-74.6782925851
968,30183.0,41132,2.65866667466,-75.3294380256
969,6679.0,41078,3.13542363396,-74.9579779641
970,4169.0,41026,2.07922808022,-75.7685828777
971,20259.0,41020,2.49785067987,-75.2913494573
972,14817.0,41016,3.26237518814,-75.3526251372
973,8593.0,41013,2.26975041956,-75.7163223552
974,24562.0,41006,1.70911444555,-75.996641844
975,1662.0,68013,6.18220847645,-73.5303854091
976,3317.0,68020,5.77807339066,-73.8284597355
977,7913.0,68051,6.71676658522,-73.0116269696
978,28769.0,68077,5.95561732718,-73.6234522923
979,7647.0,68079,6.64706254341,-73.2151846631
980,199564.0,68081,7.05407455788,-73.7821164606
981,5230.0,68092,7.01320405815,-73.3874352084
982,1621.0,68121,6.56254367347,-73.2503489225
983,1832.0,68132,7.35328808413,-72.9263443263
984,5328.0,68147,6.52020009488,-72.6743520259
985,4130.0,68152,6.65967527379,-72.5696843389
986,1869.0,68160,6.75246553307,-72.9292462903
987,6460.0,68162,6.90392317253,-72.6453632445
988,11035.0,68167,6.19555194644,-73.1540106548
989,2824.0,68169,7.25896440104,-72.9878787997
990,2364.0,68176,6.37267718123,-73.4147612077
991,4341.0,68179,6.06794465788,-73.6323913168
992,25782.0,68190,6.40972960998,-74.1703042687
993,5300.0,68207,6.78453116893,-72.605716109
994,2915.0,68209,6.35562069346,-73.2398527183
995,25266.0,68615,7.47422608474,-73.372464172
996,27845.0,68655,7.40654219977,-73.5713180737
997,8035.0,68669,6.79648306293,-72.8161320234
998,2706.0,68673,6.10168120414,-73.5274905033
999,54687.0,68679,6.55077876505,-73.1188791113
1000,2167.0,68682,6.45987982259,-72.8547188304
1001,4153.0,68684,6.62940018493,-72.7397642273
1002,2433.0,68686,6.56812154134,-72.643224968
1003,29427.0,68689,6.89429234642,-73.5390033362
1004,2239.0,68705,6.9880847109,-72.8960893342
1005,3166.0,68720,6.40890734022,-73.5820660887
1006,7842.0,68745,6.6481004401,-73.6901169345
1007,29997.0,68755,6.4620882408,-73.2443600089
1008,8771.0,68770,6.1147630457,-73.3662118286
1009,6044.0,68773,5.98320373413,-73.9593623539
1010,3520.0,68780,7.47540206333,-72.9877996589
1011,6680.0,68820,7.17089109883,-72.9397044329
1012,5648.0,68855,6.43457891893,-73.1099717096
1013,19376.0,68861,6.22056542244,-73.7024495611
1014,1762.0,68867,7.32221956301,-72.881569005
1015,6738.0,68872,6.68586732618,-73.1639691602
1016,8997.0,68895,6.83462670534,-73.2797597862
1017,1163.0,68370,6.71377971724,-73.0996131812
1018,5505.0,68377,5.91023264571,-74.0507248933
1019,9238.0,68385,6.33150172082,-73.8186808993
1020,3989.0,68397,6.21737436967,-73.6297719514
1021,37214.0,68406,7.2040600631,-73.2913809739
1022,12433.0,68418,6.81216293444,-73.1078508571
1023,2130.0,68425,6.51374530286,-72.5853649192
1024,19884.0,68432,6.72022234858,-72.7384109145
1025,4499.0,68444,7.34877831869,-73.0543899733
1026,10165.0,68464,6.49253231544,-72.9583477242
1027,3915.0,68468,6.64329055949,-72.8191627393
1028,4537.0,68498,6.35536885751,-73.122118331
1029,10117.0,68500,6.2255962162,-73.2796151527
1030,3955.0,68502,6.33519454753,-72.8120583762
1031,1253.0,68522,6.5247539937,-73.2890067095
1032,2467.0,68524,6.39175010709,-73.2827317433
1033,4144.0,68533,6.4166311307,-73.1714823195
1034,4508.0,68549,6.51389262567,-73.1757098634
1035,12586.0,68572,5.83112990557,-73.6784181528
1036,6861.0,68573,6.68527885644,-73.9576125578
1037,31698.0,68575,7.57716072595,-73.7838343562
1038,3296.0,68211,6.303116611,-73.5021152726
1039,4816.0,68217,6.23473577923,-72.9817680247
1040,11653.0,68229,6.61834459801,-73.0187245091
1041,17638.0,68235,6.6642600017,-73.564752876
1042,1643.0,68245,6.25354797659,-73.535911506
1043,12966.0,68255,7.52428472128,-73.1815819158
1044,2334.0,68264,6.07906122367,-73.0620666488
1045,3394.0,68266,6.65824115046,-72.6802793894
1046,4603.0,68271,5.80110629059,-73.9552493075
1047,2682.0,68296,6.67181099358,-73.324671243
1048,3529.0,68298,5.92438355772,-73.3193993358
1049,5762.0,68318,6.94343409989,-72.8236987332
1050,3880.0,68320,6.23327824764,-73.4097744525
1051,2052.0,68322,6.31929986505,-73.3311527516
1052,3751.0,68324,5.94489484431,-73.7217367073
1053,4405.0,68327,6.03337387355,-73.5789950876
1054,2120.0,68344,6.55987829883,-73.3617884053
1055,2991.0,68368,5.85428823393,-73.8234221746
1056,150610.0,68307,7.0366802453,-73.2487252357
1057,275109.0,68276,7.07970459772,-73.067992503
1058,9567.0,68101,6.09369131344,-74.1134019166
1059,4097.0,68250,6.09672621748,-73.9271822883
1060,157425.0,68547,6.96245608211,-73.0051717252
1061,528855.0,68001,7.15583354374,-73.1115699712
1062,500686.0,73001,4.45192142703,-75.2525909952
1063,4091.0,73024,3.39001506357,-74.9407823248
1064,6712.0,73026,4.58262578405,-74.9863068561
1065,6524.0,73030,4.82491185676,-74.8044181239
1066,7658.0,73043,4.63178403678,-75.1911774871
1067,11440.0,73055,5.00675895629,-74.8475009486
1068,18237.0,73067,3.42843089183,-75.4822754207
1069,17309.0,73124,4.40697128307,-75.4974591828
1070,9643.0,73148,4.12341679524,-74.7470024574
1071,5496.0,73152,5.01675119982,-75.1888002758
1072,43795.0,73168,3.74369308445,-75.5898663417
1073,7495.0,73200,4.3541623159,-74.9114745339
1074,18999.0,73217,3.73862555398,-75.1485373622
1075,7762.0,73226,3.98252394998,-74.6893690773
1076,7274.0,73236,3.5978632737,-74.802566735
1077,67983.0,73268,4.16647696921,-74.8935294081
1078,6612.0,73270,5.07925659831,-74.957033717
1079,27334.0,73275,4.2428132568,-74.8370863787
1080,28920.0,73283,5.1866948123,-75.0522899468
1081,30516.0,73319,4.0765013411,-74.9765728699
1082,6368.0,73347,5.06855378287,-75.2432295872
1083,10057.0,73352,4.1332763691,-74.5396425689
1084,17084.0,73408,4.86603459153,-74.9233717839
1085,33262.0,73411,4.87793675545,-75.0476307571
1086,34505.0,73443,5.23532259274,-74.9066808906
1087,34136.0,73449,4.18604941139,-74.6378330131
1088,3389.0,73461,4.82673446831,-75.2199398651
1089,14292.0,73483,3.54051820281,-75.1220099935
1090,29665.0,73504,3.937793962,-75.2782431445
1091,9210.0,73520,5.09403573693,-75.0184504949
1092,5574.0,73547,4.48500414355,-74.9208960232
1093,21557.0,73555,3.09897343027,-75.8168441305
1094,7893.0,73563,3.72916664908,-74.872477056
1095,22682.0,73585,3.85428161409,-74.8745115473
1096,19090.0,73616,3.46807754782,-75.8548110251
1097,5161.0,73622,4.09786118124,-75.5942802681
1098,20220.0,73624,4.21673095384,-75.3475836352
1099,14099.0,73671,3.91254278661,-75.0185976148
1100,11514.0,73675,3.95514345856,-75.4990828215
1101,12139.0,73678,4.12861849024,-75.1124479221
1102,5128.0,73686,4.72910761796,-75.2071286189
1103,3446.0,73770,4.04893994715,-74.8185793327
1104,4502.0,73854,4.18212564652,-75.1714823679
1105,12137.0,73861,4.70988171997,-74.9208988574
1106,8530.0,73870,4.96575346057,-75.1559296912
1107,5021.0,73873,3.85438409668,-74.6189662306
1108,11770.0,13300,8.98382887281,-74.1470738897
1109,9776.0,13650,9.09126082665,-74.3587060916
1110,128003.0,13430,9.16951220311,-74.7472952358
1111,92903.0,25307,4.33815451759,-74.8114392215
1112,645205.0,25754,4.53759937855,-74.2299299997
1113,129613.0,25175,4.86545184651,-74.0369225075
1114,21887.0,25260,4.87972301647,-74.2380227288
1115,128893.0,25473,4.67271422338,-74.2357319354
1116,32803.0,25740,4.4659700042,-74.263289627
1117,134658.0,25290,4.3235340284,-74.3885911387
1118,7547.0,25662,4.84109818196,-74.6584930113
1119,23616.0,73349,5.17941656125,-74.7830309377
1120,81797.0,05631,6.13830518341,-75.6088059929
1121,67881.0,05380,6.13759588272,-75.6489549906
